"konu","metin","secenek_a","secenek_b","secenek_c","secenek_d","dogru_cevap"
"Temel","İlişkisel veritabanında verilerin saklandığı yapıya ne ad verilir?","Tablo","Dosya","Klasör","Sayfa","A"
"Temel","Bir tablodaki her satırı benzersiz biçimde tanımlayan sütun hangisidir?","Yabancı anahtar","Birincil anahtar","İndeks","Görünüm","B"
"Temel","SQL kısaltmasının açılımı nedir?","Simple Query Logic","System Quality Language","Structured Query Language","Sequential Query List","C"
"Temel","Bir tablodaki sütuna verilen diğer ad hangisidir?","Kayıt","Satır","Şema","Alan (attribute)","D"
"Temel","Bir tablodaki tek bir satıra ne ad verilir?","Kayıt (tuple)","Sütun","Tablo","Anahtar","A"
"Temel","Başka bir tablonun birincil anahtarına başvuran sütuna ne denir?","Aday anahtar","Yabancı anahtar","Bileşik indeks","Varsayılan değer","B"
"Temel","Aşağıdakilerden hangisi bir veritabanı yönetim sistemi (DBMS) değildir?","SQLite","PostgreSQL","Microsoft Excel","MySQL","C"
"Temel","SQLite veritabanı diskte nasıl saklanır?","Bir sunucu servisi içinde","Birden çok klasörde","Bulutta","Tek bir dosya olarak","D"
"Temel","SQL'de NULL değeri neyi ifade eder?","Bilinmeyen veya eksik değer","Sıfır sayısı","Boş metin","FALSE değeri","A"
"SELECT","Bir tablodaki tüm sütunları getirmek için SELECT'ten sonra ne yazılır?","ALL","*","%","#","B"
"SELECT","Tekrarlanan satırları sonuçtan çıkarmak için hangi anahtar kelime kullanılır?","UNIQUE","SINGLE","DISTINCT","ONLY","C"
"SELECT","Bir sütuna sorgu sonucunda geçici bir ad vermek için hangi anahtar kelime kullanılır?","NAME","RENAME","LABEL","AS","D"
"SELECT","Sorgu sonucunda dönen satır sayısını sınırlamak için SQLite'ta hangisi kullanılır?","LIMIT","TOP","MAX ROWS","FIRST","A"
"SELECT","SELECT ad, soyad FROM ogrenciler; sorgusu ne döndürür?","Yalnızca ilk öğrenciyi","Tüm öğrencilerin ad ve soyadını","Öğrenci sayısını","Tablonun yapısını","B"
"SELECT","SELECT 3 + 4 * 2; sorgusunun sonucu nedir?","14","10","11","9","C"
"SELECT","LIMIT 10 OFFSET 20 ifadesi hangi satırları getirir?","İlk 10 satırı","1-20 arası satırları","20-30 arası satırları (20 dahil)","21-30 arası satırları","D"
"SELECT","SQLite'ta iki metni birleştirmek için hangi operatör kullanılır?","||","+","&","CONCAT_OP","A"
"SELECT","SQL anahtar kelimeleri (SELECT, FROM...) için hangisi doğrudur?","Büyük harfle yazılmak zorundadır","Büyük/küçük harf duyarlı değildir","Küçük harfle yazılmak zorundadır","Tırnak içinde yazılmalıdır","B"
"SELECT","SQL'de tek satırlık yorum hangi işaretle başlar?","//","#","--","**","C"
"SELECT","SELECT COUNT(*) FROM ogrenciler; sorgusu ne döndürür?","İlk sütunu","Tüm satırları","Sütun sayısını","Tablodaki satır sayısını","D"
"WHERE","Satırları bir koşula göre filtrelemek için hangi ifade kullanılır?","WHERE","ORDER BY","GROUP BY","HAVING","A"
"WHERE","Bir sütunun NULL olup olmadığını kontrol etmenin doğru yolu hangisidir?","sutun = NULL","sutun IS NULL","sutun == NULL","sutun EQUALS NULL","B"
"WHERE","WHERE yas BETWEEN 18 AND 25 ifadesi hangi değerleri kapsar?","18 ve 25 hariç arasındakiler","Yalnızca 18 ve 25","18 ve 25 dahil arasındakiler","25'ten büyükler","C"
"WHERE","WHERE sehir IN ('Ankara', 'İzmir') ifadesi neyle eşdeğerdir?","sehir = 'Ankara' AND sehir = 'İzmir'","sehir LIKE 'Ankara%'","sehir <> 'Ankara'","sehir = 'Ankara' OR sehir = 'İzmir'","D"
"WHERE","LIKE operatöründe % karakteri neyi ifade eder?","Sıfır veya daha fazla herhangi bir karakteri","Tam olarak bir karakteri","Yalnızca rakamları","Boşluk karakterini","A"
"WHERE","LIKE operatöründe _ (alt çizgi) karakteri neyi ifade eder?","Herhangi sayıda karakteri","Tam olarak bir karakteri","Boş metni","Satır sonunu","B"
"WHERE","WHERE ad LIKE 'A%' koşulu hangi kayıtları getirir?","Adı A ile bitenleri","Adında A geçmeyenleri","Adı A ile başlayanları","Adı yalnızca A olanları","C"
"WHERE","SQL'de 'eşit değildir' anlamına gelen operatör hangisidir?","=!","><","!==","<>","D"
"WHERE","WHERE yas > 18 AND sehir = 'Bursa' koşulunda AND ne anlama gelir?","İki koşulun da sağlanması gerekir","Koşullardan birinin sağlanması yeterlidir","İlk koşul yok sayılır","Koşulların ikisi de sağlanmamalıdır","A"
"WHERE","NOT, AND ve OR operatörlerinden hangisi en önce değerlendirilir?","OR","NOT","AND","Hepsi eşit önceliklidir","B"
"WHERE","NULL = NULL karşılaştırmasının SQL'deki sonucu nedir?","TRUE","FALSE","NULL (bilinmiyor)","Hata verir","C"
"ORDER BY","Sonuçları sıralamak için hangi ifade kullanılır?","SORT BY","GROUP BY","ARRANGE","ORDER BY","D"
"ORDER BY","ORDER BY puan DESC ifadesi sonuçları nasıl sıralar?","Büyükten küçüğe","Küçükten büyüğe","Alfabetik","Rastgele","A"
"ORDER BY","ORDER BY ifadesinde yön belirtilmezse varsayılan sıralama nedir?","Azalan (DESC)","Artan (ASC)","Rastgele","Ekleme sırası","B"
"ORDER BY","ORDER BY soyad, ad ifadesi nasıl çalışır?","Yalnızca ada göre sıralar","Önce ada, sonra soyada göre sıralar","Önce soyada, soyadı aynı olanları ada göre sıralar","Hata verir","C"
"ORDER BY","Bir SELECT sorgusunda ifadelerin doğru yazım sırası hangisidir?","SELECT - WHERE - FROM - ORDER BY","SELECT - ORDER BY - FROM - WHERE","FROM - SELECT - WHERE - ORDER BY","SELECT - FROM - WHERE - ORDER BY","D"
"WHERE","WHERE puan NOT BETWEEN 50 AND 70 hangi puanları getirir?","50'den küçük veya 70'ten büyük olanları","50 ile 70 arasındakileri","Yalnızca 50 ve 70'i","NULL olanları","A"
"WHERE","WHERE email IS NOT NULL koşulu hangi kayıtları getirir?","E-postası boş olanları","E-postası girilmiş olanları","Tüm kayıtları","Hiçbir kaydı","B"
"ORDER BY","SQLite'ta artan sıralamada NULL değerler nerede yer alır?","En sonda","Rastgele yerlerde","En başta","Sonuçta görünmez","C"
"WHERE","Metin değerleri SQL'de nasıl yazılır?","Süslü parantez içinde","Köşeli parantez içinde","Tırnaksız","Tek tırnak içinde","D"
"Fonksiyon","Bir sütundaki değerlerin toplamını veren fonksiyon hangisidir?","SUM","COUNT","TOTAL_OF","ADD","A"
"Fonksiyon","Bir sütunun ortalamasını hesaplayan fonksiyon hangisidir?","MEAN","AVG","MEDIAN","MIDDLE","B"
"Fonksiyon","Bir sütundaki en büyük değeri veren fonksiyon hangisidir?","TOP","HIGHEST","MAX","UPPER","C"
"Fonksiyon","COUNT(sutun) ile COUNT(*) arasındaki fark nedir?","Fark yoktur","COUNT(*) NULL değerleri saymaz","COUNT(sutun) yalnızca benzersiz değerleri sayar","COUNT(sutun) NULL olmayan değerleri sayar","D"
"Fonksiyon","Bir metni büyük harfe çeviren fonksiyon hangisidir?","UPPER","LOWER","CAPITAL","BIG","A"
"Fonksiyon","Bir metnin karakter sayısını veren SQLite fonksiyonu hangisidir?","SIZE","LENGTH","COUNT","CHARS","B"
"Fonksiyon","ROUND(3.567, 1) ifadesinin sonucu nedir?","3.5","4","3.6","3.57","C"
"Fonksiyon","COALESCE(NULL, NULL, 5, 7) ifadesinin sonucu nedir?","NULL","7","12","5","D"
"Fonksiyon","SQLite'ta o anki tarih ve saati veren ifade hangisidir?","datetime('now')","NOW_TIME()","GETDATE()","SYSDATE","A"
"Fonksiyon","SQLite'ta 7 / 2 işleminin ondalıklı sonuç (3.5) vermesi için ne yapılmalıdır?","Hiçbir şey, 7 / 2 zaten 3.5 verir","Sayılardan birini 1.0 ile çarpmak (7 * 1.0 / 2)","DIV operatörünü kullanmak","% operatörünü kullanmak","B"
"GROUP BY","Satırları ortak değerlere göre gruplamak için hangi ifade kullanılır?","ORDER BY","PARTITION","GROUP BY","CLUSTER","C"
"GROUP BY","Gruplara koşul uygulamak için hangi ifade kullanılır?","WHERE","FILTER","LIMIT","HAVING","D"
"GROUP BY","WHERE ile HAVING arasındaki temel fark nedir?","WHERE gruplamadan önce satırları, HAVING gruplamadan sonra grupları filtreler","İkisi tamamen aynıdır","HAVING yalnızca metinlerde çalışır","WHERE yalnızca sayılarda çalışır","A"
"GROUP BY","SELECT bolum, COUNT(*) FROM ogrenciler GROUP BY bolum; sorgusu ne döndürür?","Toplam öğrenci sayısını","Her bölümdeki öğrenci sayısını","Bölüm sayısını","Yalnızca ilk bölümü","B"
"GROUP BY","Toplama fonksiyonu (COUNT, SUM...) bir koşulda kullanılacaksa hangi ifade gerekir?","WHERE","ORDER BY","HAVING","DISTINCT","C"
"GROUP BY","HAVING COUNT(*) > 3 koşulu neyi filtreler?","3'ten fazla sütunu olan tabloları","3. satırdan sonrasını","İlk 3 satırı","3'ten fazla satır içeren grupları","D"
"GROUP BY","Bir sorgudaki ifadelerin mantıksal çalışma sırası hangisidir?","FROM - WHERE - GROUP BY - HAVING - SELECT - ORDER BY","SELECT - FROM - WHERE - GROUP BY - HAVING - ORDER BY","WHERE - FROM - SELECT - GROUP BY - ORDER BY - HAVING","ORDER BY - SELECT - FROM - WHERE - GROUP BY - HAVING","A"
"Fonksiyon","COUNT(DISTINCT sehir) ifadesi neyi sayar?","Tüm satırları","Farklı şehir sayısını","NULL şehirleri","En çok tekrar eden şehri","B"
"Fonksiyon","AVG fonksiyonu NULL değerleri nasıl ele alır?","Sıfır kabul eder","Hata verir","Hesaba katmaz","Ortalamayı NULL yapar","C"
"Fonksiyon","CASE WHEN puan >= 50 THEN 'Geçti' ELSE 'Kaldı' END ifadesi ne yapar?","Tabloya yeni sütun ekler","Puanları günceller","Puanı 50 olanları siler","Puana göre koşullu bir değer üretir","D"
"JOIN","İki tablodaki eşleşen satırları birleştiren JOIN türü hangisidir?","INNER JOIN","CROSS JOIN","FULL JOIN","SELF JOIN","A"
"JOIN","LEFT JOIN için hangisi doğrudur?","Yalnızca eşleşen satırları getirir","Sol tablonun tüm satırlarını getirir, eşleşme yoksa sağ taraf NULL olur","Sağ tablonun tüm satırlarını getirir","Hiç eşleşmeyen satırları getirir","B"
"JOIN","İki tabloyu birleştirirken eşleşme koşulu hangi anahtar kelimeyle yazılır?","WHERE ONLY","WITH","ON","MATCH","C"
"JOIN","CROSS JOIN, 5 satırlı bir tablo ile 4 satırlı bir tabloyu birleştirirse kaç satır üretir?","9","5","4","20","D"
"JOIN","Bir tablonun kendisiyle birleştirilmesine ne ad verilir?","SELF JOIN","INNER JOIN","AUTO JOIN","LOOP JOIN","A"
"JOIN","JOIN sorgularında tablolara kısa takma ad vermenin amacı nedir?","Sorguyu hızlandırmak","Sorguyu kısaltmak ve sütunların hangi tabloya ait olduğunu belirtmek","Tabloyu kalıcı olarak yeniden adlandırmak","Yabancı anahtar oluşturmak","B"
"JOIN","LEFT JOIN sonrası WHERE sag.id IS NULL koşulu neyi bulur?","Tüm eşleşen satırları","Sağ tablodaki tüm satırları","Sol tablodaki eşleşmesi olmayan satırları","Tekrarlanan satırları","C"
"JOIN","Üç tabloyu birleştirmek için en az kaç JOIN gerekir?","1","3","Birleştirilemez","2","D"
"JOIN","Aynı adlı sütun iki tabloda da varsa sorguda nasıl belirtilir?","tablo_adi.sutun_adi","sutun_adi(tablo_adi)","tablo_adi->sutun_adi","[sutun_adi]","A"
"JOIN","Yabancı anahtar ile JOIN arasındaki ilişki nedir?","JOIN yalnızca yabancı anahtarla yapılabilir","JOIN koşulları genellikle yabancı anahtar ile birincil anahtar eşleştirilerek yazılır","Yabancı anahtar JOIN'i yavaşlatır","İkisi arasında hiçbir ilişki yoktur","B"
"Alt Sorgu","Başka bir sorgunun içinde yer alan sorguya ne ad verilir?","Görünüm","Tetikleyici","Alt sorgu (subquery)","İndeks","C"
"Alt Sorgu","WHERE puan > (SELECT AVG(puan) FROM sonuclar) koşulu neyi bulur?","En yüksek puanı","Ortalama puanı","Puanı NULL olanları","Ortalamanın üzerinde puan alanları","D"
"Alt Sorgu","WHERE id IN (SELECT ogrenci_id FROM cevaplar) koşulu neyi bulur?","En az bir cevabı olan öğrencileri","Hiç cevabı olmayan öğrencileri","Tüm öğrencileri","Cevap sayısını","A"
"Alt Sorgu","EXISTS operatörü ne zaman TRUE döner?","Alt sorgu hiç satır döndürmezse","Alt sorgu en az bir satır döndürürse","Alt sorgu NULL döndürürse","Alt sorgu tam olarak bir satır döndürürse","B"
"Alt Sorgu","Hiç cevap vermemiş öğrencileri bulmak için hangisi kullanılabilir?","WHERE id IN (SELECT ...)","HAVING COUNT(*) > 0","WHERE NOT EXISTS (SELECT ...)","ORDER BY id","C"
"Alt Sorgu","Dış sorgudaki bir sütuna başvuran alt sorguya ne ad verilir?","Bağımsız alt sorgu","Özyinelemeli sorgu","Görünüm","İlişkili (correlated) alt sorgu","D"
"Alt Sorgu","UNION ile UNION ALL arasındaki fark nedir?","UNION tekrarlanan satırları çıkarır, UNION ALL çıkarmaz","Fark yoktur","UNION ALL tekrarları çıkarır","UNION yalnızca iki tabloyu birleştirebilir","A"
"Alt Sorgu","WITH ifadesiyle tanımlanan geçici, adlandırılmış sorguya ne denir?","Görünüm (VIEW)","CTE (Common Table Expression)","Trigger","Geçici indeks","B"
"JOIN","Bir öğrencinin hiç cevabı yoksa INNER JOIN sonucunda ne olur?","Öğrenci NULL cevapla listelenir","Öğrenci iki kez listelenir","Öğrenci sonuçta görünmez","Sorgu hata verir","C"
"Alt Sorgu","FROM ifadesinden sonra yazılan bir alt sorgu nasıl kullanılır?","Kullanılamaz","Bir sütun gibi","Bir koşul gibi","Geçici bir tablo gibi","D"
"DDL/DML","Yeni bir tablo oluşturmak için hangi komut kullanılır?","CREATE TABLE","NEW TABLE","MAKE TABLE","ADD TABLE","A"
"DDL/DML","Bir tabloya yeni satır eklemek için hangi komut kullanılır?","ADD ROW","INSERT INTO","PUT INTO","APPEND","B"
"DDL/DML","Mevcut satırları değiştirmek için hangi komut kullanılır?","CHANGE","MODIFY","UPDATE","ALTER ROW","C"
"DDL/DML","WHERE koşulu olmadan çalıştırılan DELETE FROM ogrenciler; komutu ne yapar?","Hata verir","Yalnızca ilk satırı siler","Tabloyu tamamen kaldırır","Tablodaki tüm satırları siler","D"
"Kısıt","Bir sütunun boş bırakılmasını engelleyen kısıt hangisidir?","NOT NULL","UNIQUE","DEFAULT","CHECK NULL","A"
"Kısıt","Bir sütunda aynı değerin iki kez bulunmasını engelleyen kısıt hangisidir?","NOT NULL","UNIQUE","PRIMARY","DISTINCT","B"
"Kısıt","CHECK (yas >= 18) kısıtı ne işe yarar?","Yaşı 18 olarak doldurur","18 yaşından küçükleri siler","Yaşı 18'den küçük olan kaydın eklenmesini engeller","Kayıtları yaşa göre sıralar","C"
"Kısıt","SQLite'ta yabancı anahtar denetimini açmak için hangi komut çalıştırılır?","ENABLE FOREIGN KEYS;","SET FK = 1;","ALTER DATABASE FK ON;","PRAGMA foreign_keys = ON;","D"
"Kısıt","Birden çok sütundan oluşan birincil anahtara ne ad verilir?","Bileşik (composite) anahtar","Yabancı anahtar","Vekil anahtar","Benzersiz indeks","A"
"Kısıt","Değer verilmediğinde sütuna otomatik değer atayan kısıt hangisidir?","AUTO","DEFAULT","INITIAL","PRESET","B"
"İndeks","İndeks oluşturmanın temel amacı nedir?","Disk alanından tasarruf etmek","Veriyi şifrelemek","Arama ve sorgu işlemlerini hızlandırmak","Yedek almak","C"
"İndeks","Çok fazla indeks oluşturmanın dezavantajı nedir?","Sorgular yanlış sonuç verir","Tablolar silinir","SELECT sorguları yavaşlar","INSERT ve UPDATE işlemleri yavaşlar","D"
"Transaction","Bir işlemi (transaction) onaylayıp kalıcı hâle getiren komut hangisidir?","COMMIT","SAVE","APPLY","END SAVE","A"
"Transaction","Bir işlemdeki değişiklikleri geri almak için hangi komut kullanılır?","UNDO","ROLLBACK","CANCEL","REVERT","B"
"Transaction","ACID özelliklerinden Atomicity (bölünmezlik) ne anlama gelir?","Verinin şifrelenmesi","İşlemlerin hızlı olması","İşlemin ya tamamen ya da hiç gerçekleşmemesi","Verinin yedeklenmesi","C"
"Normalizasyon","Normalizasyonun temel amacı nedir?","Tablo sayısını azaltmak","Sorguları uzatmak","İndeks sayısını artırmak","Veri tekrarını ve tutarsızlıkları azaltmak","D"
"Normalizasyon","Birinci normal form (1NF) neyi gerektirir?","Her hücrede tek (atomik) değer bulunmasını","Her tabloda yabancı anahtar olmasını","Tabloda en az iki sütun olmasını","Tüm sütunların metin olmasını","A"
"Normalizasyon","Çoka-çok (N:M) ilişki ilişkisel modelde nasıl gösterilir?","İki tabloyu tek tabloda birleştirerek","Ara (bağlantı) tablo ile","Yalnızca bir yabancı anahtar ile","Gösterilemez","B"
"Trigger","Bir tabloda INSERT, UPDATE veya DELETE olduğunda otomatik çalışan yapıya ne denir?","Görünüm","İndeks","Trigger (tetikleyici)","Transaction","C"
"VIEW","Kayıtlı bir SELECT sorgusunu sanal bir tablo gibi kullanmayı sağlayan yapı hangisidir?","Trigger","İndeks","Şema","VIEW (görünüm)","D"
